epoch,train_loss,train_error,valid_loss,valid_error,test_error
001,0.305474,0.127451,0.26543,0.11125,
002,0.184558,0.074910,0.24936,0.09250,
003,0.107351,0.039828,0.28158,0.10500,
004,0.069425,0.025620,0.32799,0.10625,
005,0.053497,0.019833,0.30715,0.10000,
006,0.049215,0.018662,0.32991,0.11000,
